{"time": 333, "agentdiff": 0, "agentcount": 75, "timeuse": 0.021998882293701172, "j_agentcount": 0, "t_agentcount": 0, "b_agentcount": 0, "_timestamp": 1678214416.0065436, "_runtime": 10.417818546295166, "_step": 332}