{"time": 12718, "agentdiff": 0, "agentcount": 0, "timeuse": 0.09515523910522461, "j_agentcount": 0, "t_agentcount": 0, "b_agentcount": 0, "_timestamp": 1678211789.9477277, "_runtime": 407.56020760536194, "_step": 12717, "_wandb": {"runtime": 406}}