{"parameters/mlp_extractor.policy_net.0.weight": {"_type": "histogram", "values": [2.0, 3.0, 3.0, 6.0, 4.0, 12.0, 22.0, 22.0, 37.0, 43.0, 67.0, 72.0, 97.0, 144.0, 169.0, 183.0, 252.0, 292.0, 360.0, 379.0, 454.0, 527.0, 560.0, 590.0, 642.0, 720.0, 729.0, 763.0, 711.0, 810.0, 762.0, 770.0, 682.0, 670.0, 591.0, 565.0, 511.0, 440.0, 380.0, 319.0, 262.0, 225.0, 186.0, 154.0, 143.0, 80.0, 69.0, 48.0, 48.0, 24.0, 27.0, 19.0, 14.0, 6.0, 2.0, 2.0, 3.0, 0.0, 0.0, 2.0, 0.0, 0.0, 0.0, 1.0], "bins": [-0.32302358746528625, -0.3118753433227539, -0.30072706937789917, -0.2895788252353668, -0.2784305810928345, -0.2672823369503021, -0.2561340928077698, -0.24498581886291504, -0.2338375747203827, -0.22268933057785034, -0.2115410715341568, -0.20039281249046326, -0.1892445683479309, -0.17809632420539856, -0.16694806516170502, -0.15579980611801147, -0.14465156197547913, -0.13350331783294678, -0.12235505878925323, -0.11120680719614029, -0.10005855560302734, -0.0889103040099144, -0.07776205241680145, -0.06661380082368851, -0.05546554923057556, -0.044317297637462616, -0.03316904604434967, -0.022020794451236725, -0.01087254285812378, 0.00027570873498916626, 0.011423960328102112, 0.022572211921215057, 0.03372049331665039, 0.044868744909763336, 0.05601699650287628, 0.06716524809598923, 0.07831349968910217, 0.08946175128221512, 0.10061000287532806, 0.11175825446844101, 0.12290650606155396, 0.1340547502040863, 0.14520300924777985, 0.1563512682914734, 0.16749951243400574, 0.17864775657653809, 0.18979601562023163, 0.20094427466392517, 0.21209251880645752, 0.22324076294898987, 0.2343890219926834, 0.24553728103637695, 0.2566855251789093, 0.26783376932144165, 0.2789820432662964, 0.29013028740882874, 0.3012785315513611, 0.31242677569389343, 0.3235750198364258, 0.3347232937812805, 0.34587153792381287, 0.3570197820663452, 0.36816805601119995, 0.3793163001537323, 0.39046454429626465]}, "_timestamp": 1678819062.5946102, "parameters/mlp_extractor.policy_net.0.bias": {"_type": "histogram", "values": [0.0, 0.0, 0.0, 0.0, 0.0, 0.0, 0.0, 0.0, 0.0, 0.0, 0.0, 0.0, 0.0, 0.0, 0.0, 0.0, 0.0, 0.0, 0.0, 0.0, 0.0, 0.0, 0.0, 0.0, 0.0, 0.0, 0.0, 0.0, 0.0, 0.0, 0.0, 0.0, 64.0, 0.0, 0.0, 0.0, 0.0, 0.0, 0.0, 0.0, 0.0, 0.0, 0.0, 0.0, 0.0, 0.0, 0.0, 0.0, 0.0, 0.0, 0.0, 0.0, 0.0, 0.0, 0.0, 0.0, 0.0, 0.0, 0.0, 0.0, 0.0, 0.0, 0.0, 0.0], "bins": [0.0, 0.0, 0.0, 0.0, 0.0, 0.0, 0.0, 0.0, 0.0, 0.0, 0.0, 0.0, 0.0, 0.0, 0.0, 0.0, 0.0, 0.0, 0.0, 0.0, 0.0, 0.0, 0.0, 0.0, 0.0, 0.0, 0.0, 0.0, 0.0, 0.0, 0.0, 0.0, 0.0, 0.0, 0.0, 0.0, 0.0, 0.0, 0.0, 0.0, 0.0, 0.0, 0.0, 0.0, 0.0, 0.0, 0.0, 0.0, 0.0, 0.0, 0.0, 0.0, 0.0, 0.0, 0.0, 0.0, 0.0, 0.0, 0.0, 0.0, 0.0, 0.0, 0.0, 0.0, 0.0]}, "parameters/mlp_extractor.policy_net.2.weight": {"_type": "histogram", "values": [1.0, 0.0, 1.0, 0.0, 0.0, 0.0, 2.0, 4.0, 6.0, 5.0, 5.0, 9.0, 13.0, 23.0, 27.0, 28.0, 40.0, 43.0, 55.0, 51.0, 78.0, 93.0, 97.0, 106.0, 127.0, 129.0, 128.0, 149.0, 184.0, 178.0, 184.0, 192.0, 178.0, 191.0, 173.0, 199.0, 185.0, 150.0, 153.0, 133.0, 115.0, 115.0, 103.0, 76.0, 74.0, 61.0, 45.0, 53.0, 32.0, 23.0, 17.0, 14.0, 11.0, 6.0, 9.0, 9.0, 2.0, 3.0, 1.0, 0.0, 4.0, 0.0, 1.0, 2.0], "bins": [-0.6588951349258423, -0.6384822726249695, -0.6180693507194519, -0.5976564884185791, -0.5772436261177063, -0.5568307638168335, -0.5364178419113159, -0.5160049796104431, -0.4955920875072479, -0.47517919540405273, -0.45476633310317993, -0.43435344099998474, -0.41394054889678955, -0.39352768659591675, -0.37311479449272156, -0.35270190238952637, -0.33228904008865356, -0.3118761479854584, -0.29146328568458557, -0.2710503935813904, -0.2506375312805176, -0.2302246391773224, -0.2098117470741272, -0.1893988698720932, -0.1689859926700592, -0.1485731154680252, -0.1281602382659912, -0.10774734616279602, -0.08733446896076202, -0.06692159175872803, -0.046508707106113434, -0.02609582245349884, -0.005683004856109619, 0.014729876071214676, 0.03514275699853897, 0.055555637925863266, 0.07596851885318756, 0.09638139605522156, 0.11679428070783615, 0.13720716536045074, 0.15762004256248474, 0.17803291976451874, 0.19844579696655273, 0.21885868906974792, 0.23927156627178192, 0.2596844434738159, 0.2800973355770111, 0.3005102276802063, 0.3209230899810791, 0.3413359820842743, 0.3617488443851471, 0.3821617364883423, 0.4025745987892151, 0.4229874908924103, 0.44340038299560547, 0.46381324529647827, 0.48422613739967346, 0.5046390295028687, 0.5250518918037415, 0.5454647541046143, 0.5658776760101318, 0.5862905383110046, 0.6067034006118774, 0.627116322517395, 0.6475291848182678]}, "parameters/mlp_extractor.policy_net.2.bias": {"_type": "histogram", "values": [0.0, 0.0, 0.0, 0.0, 0.0, 0.0, 0.0, 0.0, 0.0, 0.0, 0.0, 0.0, 0.0, 0.0, 0.0, 0.0, 0.0, 0.0, 0.0, 0.0, 0.0, 0.0, 0.0, 0.0, 0.0, 0.0, 0.0, 0.0, 0.0, 0.0, 0.0, 0.0, 64.0, 0.0, 0.0, 0.0, 0.0, 0.0, 0.0, 0.0, 0.0, 0.0, 0.0, 0.0, 0.0, 0.0, 0.0, 0.0, 0.0, 0.0, 0.0, 0.0, 0.0, 0.0, 0.0, 0.0, 0.0, 0.0, 0.0, 0.0, 0.0, 0.0, 0.0, 0.0], "bins": [0.0, 0.0, 0.0, 0.0, 0.0, 0.0, 0.0, 0.0, 0.0, 0.0, 0.0, 0.0, 0.0, 0.0, 0.0, 0.0, 0.0, 0.0, 0.0, 0.0, 0.0, 0.0, 0.0, 0.0, 0.0, 0.0, 0.0, 0.0, 0.0, 0.0, 0.0, 0.0, 0.0, 0.0, 0.0, 0.0, 0.0, 0.0, 0.0, 0.0, 0.0, 0.0, 0.0, 0.0, 0.0, 0.0, 0.0, 0.0, 0.0, 0.0, 0.0, 0.0, 0.0, 0.0, 0.0, 0.0, 0.0, 0.0, 0.0, 0.0, 0.0, 0.0, 0.0, 0.0, 0.0]}, "parameters/mlp_extractor.value_net.0.weight": {"_type": "histogram", "values": [2.0, 0.0, 0.0, 3.0, 5.0, 6.0, 4.0, 7.0, 9.0, 15.0, 37.0, 41.0, 44.0, 66.0, 113.0, 112.0, 143.0, 195.0, 214.0, 292.0, 348.0, 409.0, 454.0, 489.0, 584.0, 664.0, 651.0, 748.0, 775.0, 764.0, 756.0, 831.0, 756.0, 747.0, 706.0, 647.0, 611.0, 533.0, 500.0, 411.0, 382.0, 352.0, 237.0, 235.0, 203.0, 155.0, 107.0, 79.0, 63.0, 50.0, 39.0, 29.0, 18.0, 19.0, 8.0, 5.0, 3.0, 0.0, 1.0, 1.0, 0.0, 0.0, 0.0, 2.0], "bins": [-0.35299789905548096, -0.3415631651878357, -0.33012843132019043, -0.31869369745254517, -0.3072589337825775, -0.29582419991493225, -0.284389466047287, -0.2729547321796417, -0.2615199685096741, -0.2500852346420288, -0.23865048587322235, -0.2272157520055771, -0.21578100323677063, -0.20434626936912537, -0.1929115355014801, -0.18147680163383484, -0.17004206776618958, -0.1586073338985443, -0.14717258512973785, -0.1357378512620926, -0.12430310994386673, -0.11286836862564087, -0.1014336347579956, -0.08999889343976974, -0.07856416702270508, -0.06712942570447922, -0.055694688111543655, -0.04425995051860809, -0.03282520920038223, -0.021390467882156372, -0.009955734014511108, 0.0014790073037147522, 0.012913733720779419, 0.02434847317636013, 0.03578321263194084, 0.047217950224876404, 0.058652691543102264, 0.07008743286132812, 0.08152216672897339, 0.09295690804719925, 0.1043916642665863, 0.11582640558481216, 0.12726114690303802, 0.1386958807706833, 0.15013062953948975, 0.161565363407135, 0.17300009727478027, 0.18443483114242554, 0.1958695650100708, 0.20730429887771606, 0.21873904764652252, 0.23017378151416779, 0.24160853028297424, 0.2530432641506195, 0.26447799801826477, 0.27591273188591003, 0.2873474955558777, 0.29878222942352295, 0.3102169632911682, 0.3216516971588135, 0.33308646082878113, 0.3445211946964264, 0.35595592856407166, 0.3673906624317169, 0.3788253962993622]}, "parameters/mlp_extractor.value_net.0.bias": {"_type": "histogram", "values": [0.0, 0.0, 0.0, 0.0, 0.0, 0.0, 0.0, 0.0, 0.0, 0.0, 0.0, 0.0, 0.0, 0.0, 0.0, 0.0, 0.0, 0.0, 0.0, 0.0, 0.0, 0.0, 0.0, 0.0, 0.0, 0.0, 0.0, 0.0, 0.0, 0.0, 0.0, 0.0, 64.0, 0.0, 0.0, 0.0, 0.0, 0.0, 0.0, 0.0, 0.0, 0.0, 0.0, 0.0, 0.0, 0.0, 0.0, 0.0, 0.0, 0.0, 0.0, 0.0, 0.0, 0.0, 0.0, 0.0, 0.0, 0.0, 0.0, 0.0, 0.0, 0.0, 0.0, 0.0], "bins": [0.0, 0.0, 0.0, 0.0, 0.0, 0.0, 0.0, 0.0, 0.0, 0.0, 0.0, 0.0, 0.0, 0.0, 0.0, 0.0, 0.0, 0.0, 0.0, 0.0, 0.0, 0.0, 0.0, 0.0, 0.0, 0.0, 0.0, 0.0, 0.0, 0.0, 0.0, 0.0, 0.0, 0.0, 0.0, 0.0, 0.0, 0.0, 0.0, 0.0, 0.0, 0.0, 0.0, 0.0, 0.0, 0.0, 0.0, 0.0, 0.0, 0.0, 0.0, 0.0, 0.0, 0.0, 0.0, 0.0, 0.0, 0.0, 0.0, 0.0, 0.0, 0.0, 0.0, 0.0, 0.0]}, "parameters/mlp_extractor.value_net.2.weight": {"_type": "histogram",