{"time": 522, "agentdiff": 0, "agentcount": 0, "timeuse": 0.0996556282043457, "j_agentcount": 0, "t_agentcount": 0, "b_agentcount": 0, "_timestamp": 1678211828.1307561, "_runtime": 8.236179113388062, "_step": 521, "_wandb": {"runtime": 7}}