{"time": 287, "agentdiff": 1, "agentcount": 245, "timeuse": 0.39237260818481445, "j_agentcount": 83, "t_agentcount": 83, "b_agentcount": 21, "ppo_agentcount": 58, "ppo_agent_predcount": 0, "_timestamp": 1678820667.3034139, "_runtime": 100.25283789634705, "_step": 286}