{"time": 532, "agentdiff": 0, "agentcount": 0, "timeuse": 0.01799917221069336, "j_agentcount": 0, "t_agentcount": 0, "b_agentcount": 0, "_timestamp": 1678211860.2030606, "_runtime": 11.733943700790405, "_step": 531}